Job Date,Task,Job Name,Job Number,Employee,Rate,Hours,Total,Invoice Amount,Invoice Number,Invoice Issue Date,Invoice Due Date,Invoice Status,Client Name,Client Street,Client City,Client Phone,Client Email,Attn,Client ID
6/2/2025,Prints,John Ross- Extrusions,,A Shamrock,150,1,150,150,1025,,,In-Process,Frank Novak and Sons Inc,23940 Miles Road,Bedford Heights Ohio 44128,(216) 475-5440,Accountspayable@franknovak.com,Accounts Payable,1
5/30/2025,Prints,John Ross- Extrusions,,A Shamrock,150,4.1,615,2498,1024,6/1/2025,8/1/2025,Issued,Frank Novak and Sons Inc,23940 Miles Road,Bedford Heights Ohio 44128,(216) 475-5440,Accountspayable@franknovak.com,Accounts Payable,1
5/29/2025,3D Print,BMW,32 (1),A Shamrock,,4,38,2498,1024,6/1/2025,8/1/2025,Issued,Frank Novak and Sons Inc,23940 Miles Road,Bedford Heights Ohio 44128,(216) 475-5440,Accountspayable@franknovak.com,Accounts Payable,1
5/29/2025,Prints,BMW,,A Shamrock,150,0.7,105,2498,1024,6/1/2025,8/1/2025,Issued,Frank Novak and Sons Inc,23940 Miles Road,Bedford Heights Ohio 44128,(216) 475-5440,Accountspayable@franknovak.com,Accounts Payable,1
5/27/2025,Prints,191 N Wacker,,A Shamrock,150,0.6,90,2498,1024,6/1/2025,8/1/2025,Issued,Frank Novak and Sons Inc,23940 Miles Road,Bedford Heights Ohio 44128,(216) 475-5440,Accountspayable@franknovak.com,Accounts Payable,1
5/27/2025,Prints,UH Seidman,,A Shamrock,150,1.9,285,2498,1024,6/1/2025,8/1/2025,Issued,Frank Novak and Sons Inc,23940 Miles Road,Bedford Heights Ohio 44128,(216) 475-5440,Accountspayable@franknovak.com,Accounts Payable,1
5/14/2025,Prints,Rocket Arena,,A Shamrock,150,2.8,420,2498,1024,6/1/2025,8/1/2025,Issued,Frank Novak and Sons Inc,23940 Miles Road,Bedford Heights Ohio 44128,(216) 475-5440,Accountspayable@franknovak.com,Accounts Payable,1
5/5/2025,Prints,191 N Wacker,,A Shamrock,150,3.7,555,2498,1024,6/1/2025,8/1/2025,Issued,Frank Novak and Sons Inc,23940 Miles Road,Bedford Heights Ohio 44128,(216) 475-5440,Accountspayable@franknovak.com,Accounts Payable,1
5/1/2025,Prints,Maggie,,A Shamrock,150,0.5,75,2498,1024,6/1/2025,8/1/2025,Issued,Frank Novak and Sons Inc,23940 Miles Road,Bedford Heights Ohio 44128,(216) 475-5440,Accountspayable@franknovak.com,Accounts Payable,1
5/1/2025,Prints,BMW,,A Shamrock,150,2.1,315,2498,1024,6/1/2025,8/1/2025,Issued,Frank Novak and Sons Inc,23940 Miles Road,Bedford Heights Ohio 44128,(216) 475-5440,Accountspayable@franknovak.com,Accounts Payable,1
4/23/2025,Prints,Rocket Arena,,A Shamrock,150,3.3,495,3090,1023,5/1/2025,7/1/2025,Issued,Frank Novak and Sons Inc,23940 Miles Road,Bedford Heights Ohio 44128,(216) 475-5440,Accountspayable@franknovak.com,Accounts Payable,1
4/22/2025,Prints,Rocket Arena,,A Shamrock,150,2.4,360,3090,1023,5/1/2025,7/1/2025,Issued,Frank Novak and Sons Inc,23940 Miles Road,Bedford Heights Ohio 44128,(216) 475-5440,Accountspayable@franknovak.com,Accounts Payable,1
4/16/2025,Prints,BMW,,A Shamrock,150,1.6,240,3090,1023,5/1/2025,7/1/2025,Issued,Frank Novak and Sons Inc,23940 Miles Road,Bedford Heights Ohio 44128,(216) 475-5440,Accountspayable@franknovak.com,Accounts Payable,1
4/15/2025,Prints,BMW,,A Shamrock,150,0.9,135,3090,1023,5/1/2025,7/1/2025,Issued,Frank Novak and Sons Inc,23940 Miles Road,Bedford Heights Ohio 44128,(216) 475-5440,Accountspayable@franknovak.com,Accounts Payable,1
4/13/2025,Prints,BMW,,A Shamrock,150,1.1,165,3090,1023,5/1/2025,7/1/2025,Issued,Frank Novak and Sons Inc,23940 Miles Road,Bedford Heights Ohio 44128,(216) 475-5440,Accountspayable@franknovak.com,Accounts Payable,1
4/11/2025,Prints,BMW,,A Shamrock,150,5.7,855,3090,1023,5/1/2025,7/1/2025,Issued,Frank Novak and Sons Inc,23940 Miles Road,Bedford Heights Ohio 44128,(216) 475-5440,Accountspayable@franknovak.com,Accounts Payable,1
4/7/2025,Prints,Rocket Arena,,A Shamrock,150,2.9,435,3090,1023,5/1/2025,7/1/2025,Issued,Frank Novak and Sons Inc,23940 Miles Road,Bedford Heights Ohio 44128,(216) 475-5440,Accountspayable@franknovak.com,Accounts Payable,1
4/4/2025,Prints,Rocket Arena,,A Shamrock,150,1.5,225,3090,1023,5/1/2025,7/1/2025,Issued,Frank Novak and Sons Inc,23940 Miles Road,Bedford Heights Ohio 44128,(216) 475-5440,Accountspayable@franknovak.com,Accounts Payable,1
4/3/2025,Prints,Rocket Arena,,A Shamrock,150,1.2,180,3090,1023,5/1/2025,7/1/2025,Issued,Frank Novak and Sons Inc,23940 Miles Road,Bedford Heights Ohio 44128,(216) 475-5440,Accountspayable@franknovak.com,Accounts Payable,1
3/27/2025,Prints,John Ross- Extrusions,,A Shamrock,150,2.3,345,1050,1022,4/1/2025,6/1/2025,Issued,Frank Novak and Sons Inc,23940 Miles Road,Bedford Heights Ohio 44128,(216) 475-5440,Accountspayable@franknovak.com,Accounts Payable,1
3/24/2025,Prints,JAS Center,,A Shamrock,150,0.5,75,1050,1022,4/1/2025,6/1/2025,Issued,Frank Novak and Sons Inc,23940 Miles Road,Bedford Heights Ohio 44128,(216) 475-5440,Accountspayable@franknovak.com,Accounts Payable,1
3/21/2025,Prints,John Ross- Extrusions,,A Shamrock,150,3.5,525,1050,1022,4/1/2025,6/1/2025,Issued,Frank Novak and Sons Inc,23940 Miles Road,Bedford Heights Ohio 44128,(216) 475-5440,Accountspayable@franknovak.com,Accounts Payable,1
3/6/2025,Prints,Ford,,A Shamrock,150,0.7,105,1050,1022,4/1/2025,6/1/2025,Issued,Frank Novak and Sons Inc,23940 Miles Road,Bedford Heights Ohio 44128,(216) 475-5440,Accountspayable@franknovak.com,Accounts Payable,1
3/5/2025,Prints,JAS Center,,A Shamrock,150,2.1,315,1050,201,4/1/2025,6/1/2025,Issued,Interior Concept,6372 S Andes Pl.,Centennial Colorado 80016,(303) 699-300,tom@buildwell.com,Tom Ranucci,2
3/4/2025,Prints,JAS Center,,A Shamrock,150,1.5,225,615,201,4/1/2025,6/1/2025,Issued,Interior Concept,6372 S Andes Pl.,Centennial Colorado 80016,(303) 699-300,tom@buildwell.com,Tom Ranucci,2
2/28/2025,Prints,JAS Center,,A Shamrock,150,2.5,375,615,201,4/1/2025,6/1/2025,Issued,Interior Concept,6372 S Andes Pl.,Centennial Colorado 80016,(303) 699-300,tom@buildwell.com,Tom Ranucci,2
2/28/2025,Discount,JAS Center,,A Shamrock,-150,2,-300,615,201,4/1/2025,6/1/2025,Issued,Interior Concept,6372 S Andes Pl.,Centennial Colorado 80016,(303) 699-300,tom@buildwell.com,Tom Ranucci,2
2/27/2025,Prints,Ford,,A Shamrock,150,2.2,330,2865,1021,3/1/2025,5/1/2025,Late,Frank Novak and Sons Inc,23940 Miles Road,Bedford Heights Ohio 44128,(216) 475-5440,Accountspayable@franknovak.com,Accounts Payable,1
2/26/2025,Prints,JAS Center,,A Shamrock,150,2.4,360,2865,1021,3/1/2025,5/1/2025,Late,Frank Novak and Sons Inc,23940 Miles Road,Bedford Heights Ohio 44128,(216) 475-5440,Accountspayable@franknovak.com,Accounts Payable,1
2/26/2025,Prints,Ford,,A Shamrock,150,1.7,255,2865,1021,3/1/2025,5/1/2025,Late,Frank Novak and Sons Inc,23940 Miles Road,Bedford Heights Ohio 44128,(216) 475-5440,Accountspayable@franknovak.com,Accounts Payable,1
2/25/2025,Prints,JAS Center,,A Shamrock,150,1.2,180,2865,1021,3/1/2025,5/1/2025,Late,Frank Novak and Sons Inc,23940 Miles Road,Bedford Heights Ohio 44128,(216) 475-5440,Accountspayable@franknovak.com,Accounts Payable,1
2/25/2025,Prints,Ford,,A Shamrock,150,4,600,2865,1021,3/1/2025,5/1/2025,Late,Frank Novak and Sons Inc,23940 Miles Road,Bedford Heights Ohio 44128,(216) 475-5440,Accountspayable@franknovak.com,Accounts Payable,1
2/14/2025,Prints,Ford,,A Shamrock,150,0.6,90,2865,1021,3/1/2025,5/1/2025,Late,Frank Novak and Sons Inc,23940 Miles Road,Bedford Heights Ohio 44128,(216) 475-5440,Accountspayable@franknovak.com,Accounts Payable,1
2/10/2025,Prints,Baker Hoffstedder,,A Shamrock,150,0.6,90,2865,1021,3/1/2025,5/1/2025,Late,Frank Novak and Sons Inc,23940 Miles Road,Bedford Heights Ohio 44128,(216) 475-5440,Accountspayable@franknovak.com,Accounts Payable,1
2/7/2025,Prints,Clovis Airport,,A Shamrock,150,1.6,240,2865,1021,3/1/2025,5/1/2025,Late,Frank Novak and Sons Inc,23940 Miles Road,Bedford Heights Ohio 44128,(216) 475-5440,Accountspayable@franknovak.com,Accounts Payable,1
2/4/2025,Prints,Ford,,A Shamrock,150,2.2,330,2865,1021,3/1/2025,5/1/2025,Late,Frank Novak and Sons Inc,23940 Miles Road,Bedford Heights Ohio 44128,(216) 475-5440,Accountspayable@franknovak.com,Accounts Payable,1
2/3/2025,Prints,Ford,,A Shamrock,150,2.6,390,2865,1021,3/1/2025,5/1/2025,Late,Frank Novak and Sons Inc,23940 Miles Road,Bedford Heights Ohio 44128,(216) 475-5440,Accountspayable@franknovak.com,Accounts Payable,1
1/29/2025,Prints,Ford,,A Shamrock,150,1.2,180,2175,1020,2/1/2025,4/1/2025,Paid,Frank Novak and Sons Inc,23940 Miles Road,Bedford Heights Ohio 44128,(216) 475-5440,Accountspayable@franknovak.com,Accounts Payable,1
1/28/2025,Prints,Park View Hs,,A Shamrock,150,1.1,165,2175,1020,2/1/2025,4/1/2025,Paid,Frank Novak and Sons Inc,23940 Miles Road,Bedford Heights Ohio 44128,(216) 475-5440,Accountspayable@franknovak.com,Accounts Payable,1
1/22/2025,Prints,Ford,,A Shamrock,150,0.5,75,2175,1020,2/1/2025,4/1/2025,Paid,Frank Novak and Sons Inc,23940 Miles Road,Bedford Heights Ohio 44128,(216) 475-5440,Accountspayable@franknovak.com,Accounts Payable,1
1/21/2025,Prints,Ford,,A Shamrock,150,3.3,495,2175,1020,2/1/2025,4/1/2025,Paid,Frank Novak and Sons Inc,23940 Miles Road,Bedford Heights Ohio 44128,(216) 475-5440,Accountspayable@franknovak.com,Accounts Payable,1
1/15/2025,Prints,Ford,,A Shamrock,150,1.5,225,2175,1020,2/1/2025,4/1/2025,Paid,Frank Novak and Sons Inc,23940 Miles Road,Bedford Heights Ohio 44128,(216) 475-5440,Accountspayable@franknovak.com,Accounts Payable,1
1/14/2025,Prints,Ford,,A Shamrock,150,6.3,945,2175,1020,2/1/2025,4/1/2025,Paid,Frank Novak and Sons Inc,23940 Miles Road,Bedford Heights Ohio 44128,(216) 475-5440,Accountspayable@franknovak.com,Accounts Payable,1
1/13/2025,Prints,Ford,,A Shamrock,150,0.6,90,2175,1020,2/1/2025,4/1/2025,Paid,Frank Novak and Sons Inc,23940 Miles Road,Bedford Heights Ohio 44128,(216) 475-5440,Accountspayable@franknovak.com,Accounts Payable,1
11/25/2024,Prints,Rolex,,A Shamrock,150,5.3,795,2919,1019,12/1/2024,2/1/2025,Paid,Frank Novak and Sons Inc,23940 Miles Road,Bedford Heights Ohio 44128,(216) 475-5440,Accountspayable@franknovak.com,Accounts Payable,1
11/22/2024,Prints,Pittsburgh,,A Shamrock,150,1.1,165,2919,1019,12/1/2024,2/1/2025,Paid,Frank Novak and Sons Inc,23940 Miles Road,Bedford Heights Ohio 44128,(216) 475-5440,Accountspayable@franknovak.com,Accounts Payable,1
11/15/2024,Prints,Pittsburgh,,A Shamrock,150,2.8,420,2919,1019,12/1/2024,2/1/2025,Paid,Frank Novak and Sons Inc,23940 Miles Road,Bedford Heights Ohio 44128,(216) 475-5440,Accountspayable@franknovak.com,Accounts Payable,1
11/13/2024,3D Print,Pittsburgh,295 (1),A Shamrock,,6.5,154,2919,1019,12/1/2024,2/1/2025,Paid,Frank Novak and Sons Inc,23940 Miles Road,Bedford Heights Ohio 44128,(216) 475-5440,Accountspayable@franknovak.com,Accounts Payable,1
11/13/2024,Prints,Pittsburgh,,A Shamrock,150,2.9,435,2919,1019,12/1/2024,2/1/2025,Paid,Frank Novak and Sons Inc,23940 Miles Road,Bedford Heights Ohio 44128,(216) 475-5440,Accountspayable@franknovak.com,Accounts Payable,1
11/13/2024,Prints,Virginia,,A Shamrock,150,0.7,105,2919,1019,12/1/2024,2/1/2025,Paid,Frank Novak and Sons Inc,23940 Miles Road,Bedford Heights Ohio 44128,(216) 475-5440,Accountspayable@franknovak.com,Accounts Payable,1
11/4/2024,Prints,Pittsburgh,,A Shamrock,150,1.6,240,2919,1019,12/1/2024,2/1/2025,Paid,Frank Novak and Sons Inc,23940 Miles Road,Bedford Heights Ohio 44128,(216) 475-5440,Accountspayable@franknovak.com,Accounts Payable,1
10/30/2024,Prints,Pittsburgh,,A Shamrock,150,0.7,105,2919,1019,12/1/2024,2/1/2025,Paid,Frank Novak and Sons Inc,23940 Miles Road,Bedford Heights Ohio 44128,(216) 475-5440,Accountspayable@franknovak.com,Accounts Payable,1
10/28/2024,3D Print,Pittsburgh,261 (1),A Shamrock,,4.7,155,2919,1019,12/1/2024,2/1/2025,Paid,Frank Novak and Sons Inc,23940 Miles Road,Bedford Heights Ohio 44128,(216) 475-5440,Accountspayable@franknovak.com,Accounts Payable,1
10/25/2024,Prints,Pittsburgh,,A Shamrock,150,2.3,345,2919,1019,12/1/2024,2/1/2025,Paid,Frank Novak and Sons Inc,23940 Miles Road,Bedford Heights Ohio 44128,(216) 475-5440,Accountspayable@franknovak.com,Accounts Payable,1
9/25/2024,Prints,Rolex,,A Shamrock,150,2.6,390,3465,1018,10/9/2024,12/9/2024,Paid,Frank Novak and Sons Inc,23940 Miles Road,Bedford Heights Ohio 44128,(216) 475-5440,Accountspayable@franknovak.com,Accounts Payable,1
9/24/2024,Prints,Rolex,,A Shamrock,150,4.3,645,3465,1018,10/9/2024,12/9/2024,Paid,Frank Novak and Sons Inc,23940 Miles Road,Bedford Heights Ohio 44128,(216) 475-5440,Accountspayable@franknovak.com,Accounts Payable,1
9/23/2024,Prints,Rolex,,A Shamrock,150,4.3,645,3465,1018,10/9/2024,12/9/2024,Paid,Frank Novak and Sons Inc,23940 Miles Road,Bedford Heights Ohio 44128,(216) 475-5440,Accountspayable@franknovak.com,Accounts Payable,1
9/17/2024,Prints,Rolex,,A Shamrock,150,5.6,840,3465,1018,10/9/2024,12/9/2024,Paid,Frank Novak and Sons Inc,23940 Miles Road,Bedford Heights Ohio 44128,(216) 475-5440,Accountspayable@franknovak.com,Accounts Payable,1
9/16/2024,Prints,Rolex,,A Shamrock,150,2.5,375,3465,1018,10/9/2024,12/9/2024,Paid,Frank Novak and Sons Inc,23940 Miles Road,Bedford Heights Ohio 44128,(216) 475-5440,Accountspayable@franknovak.com,Accounts Payable,1
9/12/2024,Prints,Rolex,,A Shamrock,150,2.1,315,3465,1018,10/9/2024,12/9/2024,Paid,Frank Novak and Sons Inc,23940 Miles Road,Bedford Heights Ohio 44128,(216) 475-5440,Accountspayable@franknovak.com,Accounts Payable,1
9/10/2024,Prints,Pittsburgh,,A Shamrock,150,2.6,390,18253,1010,12/1/2023,12/9/2024,Paid,Frank Novak and Sons Inc,23940 Miles Road,Bedford Heights Ohio 44128,(216) 475-5440,Accountspayable@franknovak.com,Accounts Payable,1
9/3/2024,Prints,Rolex,,A Shamrock,150,0.6,90,3465,1018,10/9/2024,12/9/2024,Paid,Frank Novak and Sons Inc,23940 Miles Road,Bedford Heights Ohio 44128,(216) 475-5440,Accountspayable@franknovak.com,Accounts Payable,1
8/20/2024,Prints,Pittsburgh,,A Shamrock,150,1.7,255,18253,1010,12/1/2023,12/9/2024,Paid,Frank Novak and Sons Inc,23940 Miles Road,Bedford Heights Ohio 44128,(216) 475-5440,Accountspayable@franknovak.com,Accounts Payable,1
7/31/2024,Prints,Gensler - K Street,,A Shamrock,150,1.1,165,3465,1018,10/9/2024,12/9/2024,Paid,Frank Novak and Sons Inc,23940 Miles Road,Bedford Heights Ohio 44128,(216) 475-5440,Accountspayable@franknovak.com,Accounts Payable,1
7/23/2024,Prints,Rolex,,A Shamrock,150,1.2,180,3172,1017,5/1/2024,7/1/2024,Paid,Frank Novak and Sons Inc,23940 Miles Road,Bedford Heights Ohio 44128,(216) 475-5440,Accountspayable@franknovak.com,Accounts Payable,1
7/22/2024,Prints,Rolex,,A Shamrock,150,3.6,540,3172,1017,5/1/2024,7/1/2024,Paid,Frank Novak and Sons Inc,23940 Miles Road,Bedford Heights Ohio 44128,(216) 475-5440,Accountspayable@franknovak.com,Accounts Payable,1
7/12/2024,3D Print,Pittsburgh,636 (1),A Shamrock,,13.2,184,18253,1010,12/1/2023,12/9/2024,Paid,Frank Novak and Sons Inc,23940 Miles Road,Bedford Heights Ohio 44128,(216) 475-5440,Accountspayable@franknovak.com,Accounts Payable,1
7/8/2024,Prints,Rolex,,A Shamrock,150,4.2,630,3172,1017,5/1/2024,7/1/2024,Paid,Frank Novak and Sons Inc,23940 Miles Road,Bedford Heights Ohio 44128,(216) 475-5440,Accountspayable@franknovak.com,Accounts Payable,1
6/26/2024,Prints,Pittsburgh,,A Shamrock,150,5,750,18253,1010,12/1/2023,12/9/2024,Paid,Frank Novak and Sons Inc,23940 Miles Road,Bedford Heights Ohio 44128,(216) 475-5440,Accountspayable@franknovak.com,Accounts Payable,1
6/25/2024,Prints,Pittsburgh,,A Shamrock,150,1.5,225,18253,1010,12/1/2023,12/9/2024,Paid,Frank Novak and Sons Inc,23940 Miles Road,Bedford Heights Ohio 44128,(216) 475-5440,Accountspayable@franknovak.com,Accounts Payable,1
6/25/2024,Prints,Union Station,,A Shamrock,150,2.2,330,1890,1016,7/1/2024,9/1/2024,Paid,Frank Novak and Sons Inc,23940 Miles Road,Bedford Heights Ohio 44128,(216) 475-5440,Accountspayable@franknovak.com,Accounts Payable,1
6/18/2024,Prints,Pittsburgh,,A Shamrock,150,3.3,495,18253,1010,12/1/2023,12/9/2024,Paid,Frank Novak and Sons Inc,23940 Miles Road,Bedford Heights Ohio 44128,(216) 475-5440,Accountspayable@franknovak.com,Accounts Payable,1
6/10/2024,Prints,Rolex,,A Shamrock,150,4.5,675,1890,1016,7/1/2024,9/1/2024,Paid,Frank Novak and Sons Inc,23940 Miles Road,Bedford Heights Ohio 44128,(216) 475-5440,Accountspayable@franknovak.com,Accounts Payable,1
6/7/2024,Prints,Rolex,,A Shamrock,150,3.6,540,1890,1016,7/1/2024,9/1/2024,Paid,Frank Novak and Sons Inc,23940 Miles Road,Bedford Heights Ohio 44128,(216) 475-5440,Accountspayable@franknovak.com,Accounts Payable,1
5/30/2024,3D Print,Corner Crimp,232 (2),A Shamrock,,5.1,195,1890,1016,7/1/2024,9/1/2024,Paid,Frank Novak and Sons Inc,23940 Miles Road,Bedford Heights Ohio 44128,(216) 475-5440,Accountspayable@franknovak.com,Accounts Payable,1
5/23/2024,Prints,Pittsburgh,,A Shamrock,150,1.8,270,18253,1010,12/1/2023,12/9/2024,Paid,Frank Novak and Sons Inc,23940 Miles Road,Bedford Heights Ohio 44128,(216) 475-5440,Accountspayable@franknovak.com,Accounts Payable,1
5/22/2024,Prints,Pittsburgh,,A Shamrock,150,3.6,540,18253,1010,12/1/2023,12/9/2024,Paid,Frank Novak and Sons Inc,23940 Miles Road,Bedford Heights Ohio 44128,(216) 475-5440,Accountspayable@franknovak.com,Accounts Payable,1
5/21/2024,Prints,Jaguar-Land Rover,,A Shamrock,150,1,150,1890,1016,7/1/2024,9/1/2024,Paid,Frank Novak and Sons Inc,23940 Miles Road,Bedford Heights Ohio 44128,(216) 475-5440,Accountspayable@franknovak.com,Accounts Payable,1
5/21/2024,Prints,Pittsburgh,,A Shamrock,150,4.3,645,18253,1010,12/1/2023,12/9/2024,Paid,Frank Novak and Sons Inc,23940 Miles Road,Bedford Heights Ohio 44128,(216) 475-5440,Accountspayable@franknovak.com,Accounts Payable,1
4/23/2024,Prints,Rolex,,A Shamrock,150,1.5,300,3172,1015,5/1/2024,7/1/2024,Paid,Frank Novak and Sons Inc,23940 Miles Road,Bedford Heights Ohio 44128,(216) 475-5440,Accountspayable@franknovak.com,Accounts Payable,1
4/19/2024,Prints,Rolex,,A Shamrock,150,4,600,3172,1015,5/1/2024,7/1/2024,Paid,Frank Novak and Sons Inc,23940 Miles Road,Bedford Heights Ohio 44128,(216) 475-5440,Accountspayable@franknovak.com,Accounts Payable,1
4/18/2024,Prints,Rolex,,A Shamrock,150,4.6,690,3172,1015,5/1/2024,7/1/2024,Paid,Frank Novak and Sons Inc,23940 Miles Road,Bedford Heights Ohio 44128,(216) 475-5440,Accountspayable@franknovak.com,Accounts Payable,1
4/17/2024,Prints,Rolex,,A Shamrock,150,2.2,330,3172,1015,5/1/2024,7/1/2024,Paid,Frank Novak and Sons Inc,23940 Miles Road,Bedford Heights Ohio 44128,(216) 475-5440,Accountspayable@franknovak.com,Accounts Payable,1
4/17/2024,Purchase,Rolex,,A Shamrock,37.46,1,37.46,3172,1015,5/1/2024,7/1/2024,Paid,Frank Novak and Sons Inc,23940 Miles Road,Bedford Heights Ohio 44128,(216) 475-5440,Accountspayable@franknovak.com,Accounts Payable,1
4/8/2024,Prints,Rolex,,A Shamrock,150,3.8,570,3172,1015,5/1/2024,7/1/2024,Paid,Frank Novak and Sons Inc,23940 Miles Road,Bedford Heights Ohio 44128,(216) 475-5440,Accountspayable@franknovak.com,Accounts Payable,1
4/5/2024,Prints,CCI Elevator,,A Shamrock,150,1.9,285,3172,1015,5/1/2024,7/1/2024,Paid,Frank Novak and Sons Inc,23940 Miles Road,Bedford Heights Ohio 44128,(216) 475-5440,Accountspayable@franknovak.com,Accounts Payable,1
4/4/2024,Prints,Rolex,,A Shamrock,150,1,150,3172,1015,5/1/2024,7/1/2024,Paid,Frank Novak and Sons Inc,23940 Miles Road,Bedford Heights Ohio 44128,(216) 475-5440,Accountspayable@franknovak.com,Accounts Payable,1
4/4/2024,Prints,Pittsburgh,,A Shamrock,150,4.1,615,18253,1010,12/1/2023,12/9/2024,Paid,Frank Novak and Sons Inc,23940 Miles Road,Bedford Heights Ohio 44128,(216) 475-5440,Accountspayable@franknovak.com,Accounts Payable,1
4/1/2024,Prints,Suntan Supply,,A Shamrock,150,1.4,210,3172,1015,5/1/2024,7/1/2024,Paid,Frank Novak and Sons Inc,23940 Miles Road,Bedford Heights Ohio 44128,(216) 475-5440,Accountspayable@franknovak.com,Accounts Payable,1
3/29/2024,Prints,Fort Mead,,A Shamrock,135,1.2,162,472,1014,4/1/2024,6/1/2024,Paid,Frank Novak and Sons Inc,23940 Miles Road,Bedford Heights Ohio 44128,(216) 475-5440,Accountspayable@franknovak.com,Accounts Payable,1
3/20/2024,Prints,Pittsburgh,,A Shamrock,135,0.8,108,18253,1010,12/1/2023,12/9/2024,Paid,Frank Novak and Sons Inc,23940 Miles Road,Bedford Heights Ohio 44128,(216) 475-5440,Accountspayable@franknovak.com,Accounts Payable,1
3/19/2024,Prints,Pittsburgh,,A Shamrock,135,2.5,338,18253,1010,12/1/2023,12/9/2024,Paid,Frank Novak and Sons Inc,23940 Miles Road,Bedford Heights Ohio 44128,(216) 475-5440,Accountspayable@franknovak.com,Accounts Payable,1
3/18/2024,Prints,Pittsburgh,,A Shamrock,135,2.2,297,18253,1010,12/1/2023,12/9/2024,Paid,Frank Novak and Sons Inc,23940 Miles Road,Bedford Heights Ohio 44128,(216) 475-5440,Accountspayable@franknovak.com,Accounts Payable,1
3/15/2024,Prints,Pittsburgh,,A Shamrock,135,8.5,1147,18253,1010,12/1/2023,12/9/2024,Paid,Frank Novak and Sons Inc,23940 Miles Road,Bedford Heights Ohio 44128,(216) 475-5440,Accountspayable@franknovak.com,Accounts Payable,1
3/14/2024,Prints,Pittsburgh,,A Shamrock,135,6.2,837,18253,1010,12/1/2023,12/9/2024,Paid,Frank Novak and Sons Inc,23940 Miles Road,Bedford Heights Ohio 44128,(216) 475-5440,Accountspayable@franknovak.com,Accounts Payable,1
3/13/2024,Prints,Pittsburgh,,A Shamrock,135,1,135,18253,1010,12/1/2023,12/9/2024,Paid,Frank Novak and Sons Inc,23940 Miles Road,Bedford Heights Ohio 44128,(216) 475-5440,Accountspayable@franknovak.com,Accounts Payable,1
3/11/2024,Assembly,Pittsburgh,,A Shamrock,22.5,0.7,15,18253,1010,12/1/2023,12/9/2024,Paid,Frank Novak and Sons Inc,23940 Miles Road,Bedford Heights Ohio 44128,(216) 475-5440,Accountspayable@franknovak.com,Accounts Payable,1
3/9/2024,Assembly,Pittsburgh,,A Shamrock,22.5,1.2,27,18253,1010,12/1/2023,12/9/2024,Paid,Frank Novak and Sons Inc,23940 Miles Road,Bedford Heights Ohio 44128,(216) 475-5440,Accountspayable@franknovak.com,Accounts Payable,1
3/8/2024,Prints,Fort Mead,,A Shamrock,135,1.4,189,472,1014,4/1/2024,6/1/2024,Paid,Frank Novak and Sons Inc,23940 Miles Road,Bedford Heights Ohio 44128,(216) 475-5440,Accountspayable@franknovak.com,Accounts Payable,1
3/5/2024,Prints,Charm City,,A Shamrock,135,0.9,121,472,1014,4/1/2024,6/1/2024,Paid,Frank Novak and Sons Inc,23940 Miles Road,Bedford Heights Ohio 44128,(216) 475-5440,Accountspayable@franknovak.com,Accounts Payable,1
3/4/2024,Post Processing,Pittsburgh,,A Shamrock,22.5,0.7,15,18253,1010,12/1/2023,12/9/2024,Paid,Frank Novak and Sons Inc,23940 Miles Road,Bedford Heights Ohio 44128,(216) 475-5440,Accountspayable@franknovak.com,Accounts Payable,1
3/4/2024,Assembly,Pittsburgh,,A Shamrock,22.5,0.5,11,18253,1010,12/1/2023,12/9/2024,Paid,Frank Novak and Sons Inc,23940 Miles Road,Bedford Heights Ohio 44128,(216) 475-5440,Accountspayable@franknovak.com,Accounts Payable,1
2/29/2024,3D Print,Pittsburgh,695g,A Shamrock,,12.2,204,18253,1010,12/1/2023,12/9/2024,Paid,Frank Novak and Sons Inc,23940 Miles Road,Bedford Heights Ohio 44128,(216) 475-5440,Accountspayable@franknovak.com,Accounts Payable,1
2/28/2024,3D Print,Pittsburgh,1404g,A Shamrock,,20.2,254,18253,1010,12/1/2023,12/9/2024,Paid,Frank Novak and Sons Inc,23940 Miles Road,Bedford Heights Ohio 44128,(216) 475-5440,Accountspayable@franknovak.com,Accounts Payable,1
2/27/2024,3D Print,Pittsburgh,351g,A Shamrock,,8.4,180,18253,1010,12/1/2023,12/9/2024,Paid,Frank Novak and Sons Inc,23940 Miles Road,Bedford Heights Ohio 44128,(216) 475-5440,Accountspayable@franknovak.com,Accounts Payable,1
2/26/2024,Prints,Pittsburgh,,A Shamrock,150,1.8,270,18253,1010,12/1/2023,12/9/2024,Paid,Frank Novak and Sons Inc,23940 Miles Road,Bedford Heights Ohio 44128,(216) 475-5440,Accountspayable@franknovak.com,Accounts Payable,1
2/23/2024,Prints,Pittsburgh,,A Shamrock,150,0.9,135,18253,1010,12/1/2023,12/9/2024,Paid,Frank Novak and Sons Inc,23940 Miles Road,Bedford Heights Ohio 44128,(216) 475-5440,Accountspayable@franknovak.com,Accounts Payable,1
2/22/2024,Prints,Pittsburgh,,A Shamrock,150,4.6,690,18253,1010,12/1/2023,12/9/2024,Paid,Frank Novak and Sons Inc,23940 Miles Road,Bedford Heights Ohio 44128,(216) 475-5440,Accountspayable@franknovak.com,Accounts Payable,1
2/21/2024,Prints,Pittsburgh,,A Shamrock,150,3.1,465,18253,1010,12/1/2023,12/9/2024,Paid,Frank Novak and Sons Inc,23940 Miles Road,Bedford Heights Ohio 44128,(216) 475-5440,Accountspayable@franknovak.com,Accounts Payable,1
2/15/2024,Prints,CCI Elevator,,A Shamrock,150,4.2,630,840,1013,3/4/2024,5/4/2024,Paid,Frank Novak and Sons Inc,23940 Miles Road,Bedford Heights Ohio 44128,(216) 475-5440,Accountspayable@franknovak.com,Accounts Payable,1
2/14/2024,Prints,Pittsburgh,,A Shamrock,150,2.3,345,18253,1010,12/1/2023,12/9/2024,Paid,Frank Novak and Sons Inc,23940 Miles Road,Bedford Heights Ohio 44128,(216) 475-5440,Accountspayable@franknovak.com,Accounts Payable,1
2/13/2024,Prints,Pittsburgh,,A Shamrock,150,8.5,1275,18253,1010,12/1/2023,12/9/2024,Paid,Frank Novak and Sons Inc,23940 Miles Road,Bedford Heights Ohio 44128,(216) 475-5440,Accountspayable@franknovak.com,Accounts Payable,1
2/12/2024,Prints,Pittsburgh,,A Shamrock,150,3.6,540,18253,1010,12/1/2023,12/9/2024,Paid,Frank Novak and Sons Inc,23940 Miles Road,Bedford Heights Ohio 44128,(216) 475-5440,Accountspayable@franknovak.com,Accounts Payable,1
2/9/2024,Prints,Pittsburgh,,A Shamrock,150,3.8,570,18253,1010,12/1/2023,12/9/2024,Paid,Frank Novak and Sons Inc,23940 Miles Road,Bedford Heights Ohio 44128,(216) 475-5440,Accountspayable@franknovak.com,Accounts Payable,1
2/7/2024,Prints,Hirshorn,,A Shamrock,150,0.3,45,840,1013,3/4/2024,5/4/2024,Paid,Frank Novak and Sons Inc,23940 Miles Road,Bedford Heights Ohio 44128,(216) 475-5440,Accountspayable@franknovak.com,Accounts Payable,1
1/22/2024,Prints,CCI Elevator,,A Shamrock,150,1.1,165,840,1013,3/4/2024,5/4/2024,Paid,Frank Novak and Sons Inc,23940 Miles Road,Bedford Heights Ohio 44128,(216) 475-5440,Accountspayable@franknovak.com,Accounts Payable,1
12/22/2023,Prints,852 yearly,,A Shamrock,150,4.2,630,1170,1012,1/3/2024,3/3/2024,Paid,Frank Novak and Sons Inc,23940 Miles Road,Bedford Heights Ohio 44128,(216) 475-5440,Accountspayable@franknovak.com,Accounts Payable,1
12/22/2023,Prints,CCI Elevator,,A Shamrock,150,4.2,630,1170,1012,1/3/2024,3/3/2024,Paid,Frank Novak and Sons Inc,23940 Miles Road,Bedford Heights Ohio 44128,(216) 475-5440,Accountspayable@franknovak.com,Accounts Payable,1
12/13/2023,Prints,vander,,A Shamrock,150,0.4,60,1170,1012,1/3/2024,3/3/2024,Paid,Frank Novak and Sons Inc,23940 Miles Road,Bedford Heights Ohio 44128,(216) 475-5440,Accountspayable@franknovak.com,Accounts Payable,1
12/13/2023,Prints,BWI,,A Shamrock,150,0.4,60,1170,1012,1/3/2024,3/3/2024,Paid,Frank Novak and Sons Inc,23940 Miles Road,Bedford Heights Ohio 44128,(216) 475-5440,Accountspayable@franknovak.com,Accounts Payable,1
12/4/2023,Prints,mcgee,,A Shamrock,150,3.2,480,1170,1012,1/3/2024,3/3/2024,Paid,Frank Novak and Sons Inc,23940 Miles Road,Bedford Heights Ohio 44128,(216) 475-5440,Accountspayable@franknovak.com,Accounts Payable,1
12/4/2023,Prints,Brookside,,A Shamrock,150,3.2,480,1170,1012,1/3/2024,3/3/2024,Paid,Frank Novak and Sons Inc,23940 Miles Road,Bedford Heights Ohio 44128,(216) 475-5440,Accountspayable@franknovak.com,Accounts Payable,1
11/30/2023,Prints,CCI Elevator,,A Shamrock,150,1.2,180,2850,1019,12/1/2023,1/31/2024,Paid,Frank Novak and Sons Inc,23940 Miles Road,Bedford Heights Ohio 44128,(216) 475-5440,Accountspayable@franknovak.com,Accounts Payable,1
11/27/2023,Prints,Brookside,,A Shamrock,150,2.1,315,2850,1019,12/1/2023,1/31/2024,Paid,Frank Novak and Sons Inc,23940 Miles Road,Bedford Heights Ohio 44128,(216) 475-5440,Accountspayable@franknovak.com,Accounts Payable,1
11/22/2023,Prints,Brookside,,A Shamrock,150,2.1,315,2850,1019,12/1/2023,1/31/2024,Paid,Frank Novak and Sons Inc,23940 Miles Road,Bedford Heights Ohio 44128,(216) 475-5440,Accountspayable@franknovak.com,Accounts Payable,1
11/21/2023,Prints,CCI Elevator,,A Shamrock,150,4.4,660,2850,1019,12/1/2023,1/31/2024,Paid,Frank Novak and Sons Inc,23940 Miles Road,Bedford Heights Ohio 44128,(216) 475-5440,Accountspayable@franknovak.com,Accounts Payable,1
11/21/2023,Prints,Brookside,,A Shamrock,150,0.4,60,2850,1019,12/1/2023,1/31/2024,Paid,Frank Novak and Sons Inc,23940 Miles Road,Bedford Heights Ohio 44128,(216) 475-5440,Accountspayable@franknovak.com,Accounts Payable,1
11/20/2023,Prints,CCI Elevator,,A Shamrock,150,4.9,735,2850,1019,12/1/2023,1/31/2024,Paid,Frank Novak and Sons Inc,23940 Miles Road,Bedford Heights Ohio 44128,(216) 475-5440,Accountspayable@franknovak.com,Accounts Payable,1
11/17/2023,Prints,CCI Elevator,,A Shamrock,150,2.3,345,2850,1019,12/1/2023,1/31/2024,Paid,Frank Novak and Sons Inc,23940 Miles Road,Bedford Heights Ohio 44128,(216) 475-5440,Accountspayable@franknovak.com,Accounts Payable,1
11/16/2023,Prints,CCI Elevator,,A Shamrock,150,1.6,240,2850,1019,12/1/2023,1/31/2024,Paid,Frank Novak and Sons Inc,23940 Miles Road,Bedford Heights Ohio 44128,(216) 475-5440,Accountspayable@franknovak.com,Accounts Payable,1
10/31/2023,3D Print,Pittsburgh,653g,A Shamrock,,7.6,175,18253,1010,12/1/2023,12/9/2024,Paid,Frank Novak and Sons Inc,23940 Miles Road,Bedford Heights Ohio 44128,(216) 475-5440,Accountspayable@franknovak.com,Accounts Payable,1
10/31/2023,Prints,Pittsburgh,,A Shamrock,150,1.9,285,18253,1010,12/1/2023,12/9/2024,Paid,Frank Novak and Sons Inc,23940 Miles Road,Bedford Heights Ohio 44128,(216) 475-5440,Accountspayable@franknovak.com,Accounts Payable,1
10/18/2023,Prints,Pittsburgh,,A Shamrock,150,1,150,18253,1010,12/1/2023,12/9/2024,Paid,Frank Novak and Sons Inc,23940 Miles Road,Bedford Heights Ohio 44128,(216) 475-5440,Accountspayable@franknovak.com,Accounts Payable,1
10/18/2023,Prints,Union Station,,A Shamrock,150,0.4,60,3360,1011,12/1/2023,2/1/2024,Paid,Frank Novak and Sons Inc,23940 Miles Road,Bedford Heights Ohio 44128,(216) 475-5440,Accountspayable@franknovak.com,Accounts Payable,1
10/17/2023,Prints,Pittsburgh,,A Shamrock,150,1.4,210,18253,1010,12/1/2023,12/9/2024,Paid,Frank Novak and Sons Inc,23940 Miles Road,Bedford Heights Ohio 44128,(216) 475-5440,Accountspayable@franknovak.com,Accounts Payable,1
10/16/2023,3D Print,Pittsburgh,623g,A Shamrock,,1.4,174,18253,1010,12/1/2023,12/9/2024,Paid,Frank Novak and Sons Inc,23940 Miles Road,Bedford Heights Ohio 44128,(216) 475-5440,Accountspayable@franknovak.com,Accounts Payable,1
10/3/2023,Prints,Pittsburgh,,A Shamrock,150,1.4,300,18253,1010,12/1/2023,12/9/2024,Paid,Frank Novak and Sons Inc,23940 Miles Road,Bedford Heights Ohio 44128,(216) 475-5440,Accountspayable@franknovak.com,Accounts Payable,1
9/29/2023,Prints,Pivot Panel,,A Shamrock,150,0.7,105,3360,1011,12/1/2023,2/1/2024,Paid,Frank Novak and Sons Inc,23940 Miles Road,Bedford Heights Ohio 44128,(216) 475-5440,Accountspayable@franknovak.com,Accounts Payable,1
9/28/2023,Prints,Pivot Panel,,A Shamrock,150,2.7,405,3360,1011,12/1/2023,2/1/2024,Paid,Frank Novak and Sons Inc,23940 Miles Road,Bedford Heights Ohio 44128,(216) 475-5440,Accountspayable@franknovak.com,Accounts Payable,1
9/27/2023,3D Print,Pittsburgh,561g,A Shamrock,,14.3,175,18253,1010,12/1/2023,12/9/2024,Paid,Frank Novak and Sons Inc,23940 Miles Road,Bedford Heights Ohio 44128,(216) 475-5440,Accountspayable@franknovak.com,Accounts Payable,1
9/26/2023,Prints,Pittsburgh,,A Shamrock,150,0.9,135,18253,1010,12/1/2023,12/9/2024,Paid,Frank Novak and Sons Inc,23940 Miles Road,Bedford Heights Ohio 44128,(216) 475-5440,Accountspayable@franknovak.com,Accounts Payable,1
9/21/2023,Prints,Baker Hoffstedder,,A Shamrock,150,2.2,330,3360,1011,12/1/2023,2/1/2024,Paid,Frank Novak and Sons Inc,23940 Miles Road,Bedford Heights Ohio 44128,(216) 475-5440,Accountspayable@franknovak.com,Accounts Payable,1
9/21/2023,Prints,Prudential,,A Shamrock,150,5.4,810,3360,1011,12/1/2023,2/1/2024,Paid,Frank Novak and Sons Inc,23940 Miles Road,Bedford Heights Ohio 44128,(216) 475-5440,Accountspayable@franknovak.com,Accounts Payable,1
9/18/2023,3D Print,Pittsburgh,293g,A Shamrock,,9.3,153,18253,1010,12/1/2023,12/9/2024,Paid,Frank Novak and Sons Inc,23940 Miles Road,Bedford Heights Ohio 44128,(216) 475-5440,Accountspayable@franknovak.com,Accounts Payable,1
9/13/2023,3D Print,Pittsburgh,150g,A Shamrock,,3.9,585,18253,1010,12/1/2023,12/9/2024,Paid,Frank Novak and Sons Inc,23940 Miles Road,Bedford Heights Ohio 44128,(216) 475-5440,Accountspayable@franknovak.com,Accounts Payable,1
9/11/2023,3D Print,Pittsburgh,371g,A Shamrock,,9,160,18253,1010,12/1/2023,12/9/2024,Paid,Frank Novak and Sons Inc,23940 Miles Road,Bedford Heights Ohio 44128,(216) 475-5440,Accountspayable@franknovak.com,Accounts Payable,1
9/6/2023,3D Print,Pittsburgh,361g,A Shamrock,,8.5,159,18253,1010,12/1/2023,12/9/2024,Paid,Frank Novak and Sons Inc,23940 Miles Road,Bedford Heights Ohio 44128,(216) 475-5440,Accountspayable@franknovak.com,Accounts Payable,1
9/6/2023,Prints,Pittsburgh,,A Shamrock,150,3.1,465,18253,1010,12/1/2023,12/9/2024,Paid,Frank Novak and Sons Inc,23940 Miles Road,Bedford Heights Ohio 44128,(216) 475-5440,Accountspayable@franknovak.com,Accounts Payable,1
9/5/2023,Prints,Pittsburgh,,A Shamrock,150,2,300,18253,1010,12/1/2023,12/9/2024,Paid,Frank Novak and Sons Inc,23940 Miles Road,Bedford Heights Ohio 44128,(216) 475-5440,Accountspayable@franknovak.com,Accounts Payable,1
9/4/2023,3D Print,Pittsburgh,251g,A Shamrock,,6.5,150,18253,1010,12/1/2023,12/9/2024,Paid,Frank Novak and Sons Inc,23940 Miles Road,Bedford Heights Ohio 44128,(216) 475-5440,Accountspayable@franknovak.com,Accounts Payable,1
9/1/2023,3D Print,Pittsburgh,131g,A Shamrock,,3,140,18253,1010,12/1/2023,12/9/2024,Paid,Frank Novak and Sons Inc,23940 Miles Road,Bedford Heights Ohio 44128,(216) 475-5440,Accountspayable@franknovak.com,Accounts Payable,1
8/28/2023,Prints,Union Station,,A Shamrock,150,4.8,720,3360,1011,12/1/2023,2/1/2024,Paid,Frank Novak and Sons Inc,23940 Miles Road,Bedford Heights Ohio 44128,(216) 475-5440,Accountspayable@franknovak.com,Accounts Payable,1
8/22/2023,Prints,Gaylord Hospital,,A Shamrock,150,1,150,3360,1011,12/1/2023,2/1/2024,Paid,Frank Novak and Sons Inc,23940 Miles Road,Bedford Heights Ohio 44128,(216) 475-5440,Accountspayable@franknovak.com,Accounts Payable,1
8/15/2023,Prints,Pittsburgh,,A Shamrock,150,2.7,405,18253,1010,12/1/2023,12/9/2024,Paid,Frank Novak and Sons Inc,23940 Miles Road,Bedford Heights Ohio 44128,(216) 475-5440,Accountspayable@franknovak.com,Accounts Payable,1
8/14/2023,Prints,Pittsburgh,,A Shamrock,150,7.9,1185,18253,1010,12/1/2023,12/9/2024,Paid,Frank Novak and Sons Inc,23940 Miles Road,Bedford Heights Ohio 44128,(216) 475-5440,Accountspayable@franknovak.com,Accounts Payable,1
8/8/2023,Prints,Gaylord Hospital,,A Shamrock,150,2.8,420,3360,1011,12/1/2023,2/1/2024,Paid,Frank Novak and Sons Inc,23940 Miles Road,Bedford Heights Ohio 44128,(216) 475-5440,Accountspayable@franknovak.com,Accounts Payable,1
7/28/2023,Prints,Pittsburgh,,A Shamrock,150,4.8,720,18253,1010,12/1/2023,12/9/2024,Paid,Frank Novak and Sons Inc,23940 Miles Road,Bedford Heights Ohio 44128,(216) 475-5440,Accountspayable@franknovak.com,Accounts Payable,1
7/5/2023,Prints,bullstrap,,A Shamrock,150,2.4,360,3360,1011,12/1/2023,2/1/2024,Paid,Frank Novak and Sons Inc,23940 Miles Road,Bedford Heights Ohio 44128,(216) 475-5440,Accountspayable@franknovak.com,Accounts Payable,1
7/5/2023,Prints,Marc Center,,A Shamrock,150,2.4,360,3360,1011,12/1/2023,2/1/2024,Paid,Frank Novak and Sons Inc,23940 Miles Road,Bedford Heights Ohio 44128,(216) 475-5440,Accountspayable@franknovak.com,Accounts Payable,1
6/26/2023,Prints,Frame DC,,A Shamrock,150,0.6,90,1605,104,6/30/2023,8/30/2023,Paid,Frank Novak and Sons Inc,23940 Miles Road,Bedford Heights Ohio 44128,(216) 475-5440,Accountspayable@franknovak.com,Accounts Payable,1
6/26/2023,Prints,Marc Center,,A Shamrock,150,1,150,1875,104,6/30/2023,8/30/2023,Paid,Frank Novak and Sons Inc,23940 Miles Road,Bedford Heights Ohio 44128,(216) 475-5440,Accountspayable@franknovak.com,Accounts Payable,1
6/21/2023,Prints,Frame DC,,A Shamrock,150,1.9,285,1875,104,6/30/2023,8/30/2023,Paid,Frank Novak and Sons Inc,23940 Miles Road,Bedford Heights Ohio 44128,(216) 475-5440,Accountspayable@franknovak.com,Accounts Payable,1
6/16/2023,Prints,Marc Center,,A Shamrock,150,0.8,120,1875,104,6/30/2023,8/30/2023,Paid,Frank Novak and Sons Inc,23940 Miles Road,Bedford Heights Ohio 44128,(216) 475-5440,Accountspayable@franknovak.com,Accounts Payable,1
6/13/2023,Prints,Marc Center,,A Shamrock,150,1.7,255,1875,104,6/30/2023,8/30/2023,Paid,Frank Novak and Sons Inc,23940 Miles Road,Bedford Heights Ohio 44128,(216) 475-5440,Accountspayable@franknovak.com,Accounts Payable,1
6/7/2023,Prints,MQ-Unlimited,,A Shamrock,150,1.6,240,1875,104,6/30/2023,8/30/2023,Paid,Frank Novak and Sons Inc,23940 Miles Road,Bedford Heights Ohio 44128,(216) 475-5440,Accountspayable@franknovak.com,Accounts Payable,1
5/24/2023,Prints,Marc Center,,A Shamrock,150,0.9,135,1875,104,6/30/2023,8/30/2023,Paid,Frank Novak and Sons Inc,23940 Miles Road,Bedford Heights Ohio 44128,(216) 475-5440,Accountspayable@franknovak.com,Accounts Payable,1
5/21/2023,Prints,Marc Center,,A Shamrock,150,0.8,120,1875,104,6/30/2023,8/30/2023,Paid,Frank Novak and Sons Inc,23940 Miles Road,Bedford Heights Ohio 44128,(216) 475-5440,Accountspayable@franknovak.com,Accounts Payable,1
5/16/2023,Prints,Pitt,,A Shamrock,150,1.4,210,1875,104,6/30/2023,8/30/2023,Paid,Frank Novak and Sons Inc,23940 Miles Road,Bedford Heights Ohio 44128,(216) 475-5440,Accountspayable@franknovak.com,Accounts Payable,1
5/1/2023,Prints,Obama Presidential Library,,A Shamrock,150,0.9,135,1875,103,5/1/2023,7/1/2023,Paid,Frank Novak and Sons Inc,23940 Miles Road,Bedford Heights Ohio 44128,(216) 475-5440,Accountspayable@franknovak.com,Accounts Payable,1
4/28/2023,Prints,Obama Presidential Library,,A Shamrock,150,1.7,255,1875,103,5/1/2023,7/1/2023,Paid,Frank Novak and Sons Inc,23940 Miles Road,Bedford Heights Ohio 44128,(216) 475-5440,Accountspayable@franknovak.com,Accounts Payable,1
4/27/2023,Prints,Obama Presidential Library,,A Shamrock,150,0.6,90,1875,103,5/1/2023,7/1/2023,Paid,Frank Novak and Sons Inc,23940 Miles Road,Bedford Heights Ohio 44128,(216) 475-5440,Accountspayable@franknovak.com,Accounts Payable,1
4/26/2023,Prints,Obama Presidential Library,,A Shamrock,150,0.6,90,1875,103,5/1/2023,7/1/2023,Paid,Frank Novak and Sons Inc,23940 Miles Road,Bedford Heights Ohio 44128,(216) 475-5440,Accountspayable@franknovak.com,Accounts Payable,1
4/25/2023,Prints,M Cohen And Sons,,A Shamrock,150,1.5,225,1875,103,5/1/2023,7/1/2023,Paid,Frank Novak and Sons Inc,23940 Miles Road,Bedford Heights Ohio 44128,(216) 475-5440,Accountspayable@franknovak.com,Accounts Payable,1
4/21/2023,Prints,M Cohen And Sons,,A Shamrock,150,1.6,240,1875,103,5/1/2023,7/1/2023,Paid,Frank Novak and Sons Inc,23940 Miles Road,Bedford Heights Ohio 44128,(216) 475-5440,Accountspayable@franknovak.com,Accounts Payable,1
4/20/2023,Prints,M Cohen And Sons,,A Shamrock,150,1.9,285,1875,103,5/1/2023,7/1/2023,Paid,Frank Novak and Sons Inc,23940 Miles Road,Bedford Heights Ohio 44128,(216) 475-5440,Accountspayable@franknovak.com,Accounts Payable,1
4/18/2023,Prints,M Cohen And Sons,,A Shamrock,150,3.7,555,1875,103,5/1/2023,7/1/2023,Paid,Frank Novak and Sons Inc,23940 Miles Road,Bedford Heights Ohio 44128,(216) 475-5440,Accountspayable@franknovak.com,Accounts Payable,1
3/29/2023,Prints,Pitt,,A Shamrock,150,2.3,345,1215,102,4/4/2023,6/4/2023,Paid,Frank Novak and Sons Inc,23940 Miles Road,Bedford Heights Ohio 44128,(216) 475-5440,Accountspayable@franknovak.com,Accounts Payable,1
3/28/2023,Prints,Pitt,,A Shamrock,150,2.8,420,1215,102,4/4/2023,6/4/2023,Paid,Frank Novak and Sons Inc,23940 Miles Road,Bedford Heights Ohio 44128,(216) 475-5440,Accountspayable@franknovak.com,Accounts Payable,1
3/19/2023,Prints,Marc Center,,A Shamrock,150,1.6,240,1215,102,4/4/2023,6/4/2023,Paid,Frank Novak and Sons Inc,23940 Miles Road,Bedford Heights Ohio 44128,(216) 475-5440,Accountspayable@franknovak.com,Accounts Payable,1
2/27/2023,Prints,Perkins & Will,,A Shamrock,150,1.4,210,1215,102,4/4/2023,6/4/2023,Paid,Frank Novak and Sons Inc,23940 Miles Road,Bedford Heights Ohio 44128,(216) 475-5440,Accountspayable@franknovak.com,Accounts Payable,1
2/2/2023,Prints,O'Hare,21-40-119,A Shamrock,150,0.4,60,1800,101,2/9/2023,4/11/2023,Paid,Frank Novak and Sons Inc,23940 Miles Road,Bedford Heights Ohio 44128,(216) 475-5440,Accountspayable@franknovak.com,Accounts Payable,1
1/23/2023,Prints,Kaiser,22-40-027,A Shamrock,150,0.5,75,1800,101,2/9/2023,4/11/2023,Paid,Frank Novak and Sons Inc,23940 Miles Road,Bedford Heights Ohio 44128,(216) 475-5440,Accountspayable@franknovak.com,Accounts Payable,1
1/23/2023,Prints,O'Hare,21-40-119,A Shamrock,150,0.2,30,1800,101,2/9/2023,4/11/2023,Paid,Frank Novak and Sons Inc,23940 Miles Road,Bedford Heights Ohio 44128,(216) 475-5440,Accountspayable@franknovak.com,Accounts Payable,1
1/20/2023,Prints,O'Hare,21-40-119,A Shamrock,150,0.7,105,1800,101,2/9/2023,4/11/2023,Paid,Frank Novak and Sons Inc,23940 Miles Road,Bedford Heights Ohio 44128,(216) 475-5440,Accountspayable@franknovak.com,Accounts Payable,1
1/19/2023,Prints,O'Hare,21-40-119,A Shamrock,150,1.3,195,1800,101,2/9/2023,4/11/2023,Paid,Frank Novak and Sons Inc,23940 Miles Road,Bedford Heights Ohio 44128,(216) 475-5440,Accountspayable@franknovak.com,Accounts Payable,1
1/19/2023,Prints,O'Hare,21-40-119,A Shamrock,150,1.1,165,1800,101,2/9/2023,4/11/2023,Paid,Frank Novak and Sons Inc,23940 Miles Road,Bedford Heights Ohio 44128,(216) 475-5440,Accountspayable@franknovak.com,Accounts Payable,1
1/18/2023,Prints,Kings Farm,,A Shamrock,150,0.8,120,1800,101,2/9/2023,4/11/2023,Paid,Frank Novak and Sons Inc,23940 Miles Road,Bedford Heights Ohio 44128,(216) 475-5440,Accountspayable@franknovak.com,Accounts Payable,1
1/18/2023,Prints,Kaiser,22-40-027,A Shamrock,150,1,150,1800,101,2/9/2023,4/11/2023,Paid,Frank Novak and Sons Inc,23940 Miles Road,Bedford Heights Ohio 44128,(216) 475-5440,Accountspayable@franknovak.com,Accounts Payable,1
1/18/2023,Prints,Stand Together,,A Shamrock,150,0.7,105,1800,101,2/9/2023,4/11/2023,Paid,Frank Novak and Sons Inc,23940 Miles Road,Bedford Heights Ohio 44128,(216) 475-5440,Accountspayable@franknovak.com,Accounts Payable,1
1/17/2023,Prints,O'Hare,21-40-119,A Shamrock,150,2.8,420,1800,101,2/9/2023,4/11/2023,Paid,Frank Novak and Sons Inc,23940 Miles Road,Bedford Heights Ohio 44128,(216) 475-5440,Accountspayable@franknovak.com,Accounts Payable,1
1/17/2023,Prints,Kings Farm,,A Shamrock,150,1.2,180,1800,101,2/9/2023,4/11/2023,Paid,Frank Novak and Sons Inc,23940 Miles Road,Bedford Heights Ohio 44128,(216) 475-5440,Accountspayable@franknovak.com,Accounts Payable,1
1/17/2023,Prints,Stand Together,,A Shamrock,150,1.3,195,1800,101,2/9/2023,4/11/2023,Paid,Frank Novak and Sons Inc,23940 Miles Road,Bedford Heights Ohio 44128,(216) 475-5440,Accountspayable@franknovak.com,Accounts Payable,1
